,,,,,,,,,Goals,,,,,Expected,,,,Launched,,,Passes,,,,Goal Kicks,,,Crosses,,,Sweeper,,,
Rk,Player,Nation,Pos,Squad,Comp,Age,Born,90s,GA,PKA,FK,CK,OG,PSxG,PSxG/SoT,PSxG+/-,/90,Cmp,Att,Cmp%,Att,Thr,Launch%,AvgLen,Att,Launch%,AvgLen,Opp,Stp,Stp%,#OPA,#OPA/90,AvgDist,Matches
1,Adrián\Adrian,es ESP,GK,Liverpool,eng Premier League,34-122,1987,3.0,9,0,0,2,0,7.9,0.42,-1.1,-0.36,12,32,37.5,77,20,31.2,34.9,22,36.4,32.6,29,2,6.9,1,0.33,13.2,Matches
2,Rúnar Alex Rúnarsson\Runar-Alex-Runarsson,is ISL,GK,Arsenal,eng Premier League,26-076,1995,0.2,0,0,0,0,0,0.1,0.04,+0.1,+0.50,0,3,0.0,10,2,30.0,31.8,1,0.0,30.0,4,0,0.0,0,0.00,17.5,Matches
3,Alisson\Alisson,br BRA,GK,Liverpool,eng Premier League,28-215,1992,28.0,29,4,1,4,0,33.4,0.32,+4.4,+0.16,104,222,46.8,819,131,21.6,30.1,141,31.9,35.1,170,14,8.2,40,1.43,18.9,Matches
4,Saturnin Allagbé\Saturnin-Allagbe,bj BEN,GK,Dijon,fr Ligue 1,27-164,1993,9.0,23,1,1,2,1,16.2,0.29,-5.8,-0.65,58,163,35.6,235,50,49.8,39.4,76,60.5,44.3,80,4,5.0,9,1.00,15.2,Matches
5,Nícolas Andrade\Nicolas-Andrade,br BRA,GK,Udinese,it Serie A,33-023,1988,2.0,5,0,0,0,0,4.0,0.58,-1.0,-0.48,6,13,46.2,31,5,25.8,32.1,9,55.6,47.4,16,0,0.0,0,0.00,15.2,Matches
6,Ángel\Angel,es ESP,GK,Granada,es La Liga,18-317,2002,1.0,2,1,0,1,0,2.7,0.22,+0.7,+0.69,10,24,41.7,13,0,76.9,50.1,17,82.4,55.0,10,0,0.0,1,1.00,14.3,Matches
7,Alphonse Areola\Alphonse-Areola,fr FRA,GK,Fulham,eng Premier League,28-067,1993,33.0,42,6,0,3,1,48.5,0.32,+7.5,+0.23,164,404,40.6,662,139,40.2,34.8,231,59.7,44.2,311,32,10.3,16,0.48,13.3,Matches
8,Kepa Arrizabalaga\Kepa-Arrizabalaga,es ESP,GK,Chelsea,eng Premier League,26-214,1994,5.0,6,0,0,0,0,5.6,0.28,-0.4,-0.07,33,69,47.8,152,31,33.6,31.6,40,45.0,36.4,37,5,13.5,2,0.40,15.6,Matches
9,Sergio Asenjo\Sergio-Asenjo,es ESP,GK,Villarreal,es La Liga,31-311,1989,33.0,37,5,0,4,2,31.0,0.25,-3.0,-0.09,187,426,43.9,942,174,32.0,34.0,258,48.4,42.3,397,41,10.3,16,0.48,13.4,Matches
10,Emil Audero\Emil-Audero,it ITA,GK,Sampdoria,it Serie A,24-107,1997,34.0,47,6,1,6,1,45.0,0.26,-1.0,-0.03,242,583,41.5,914,168,46.0,39.2,244,66.8,48.1,353,29,8.2,14,0.41,12.6,Matches
11,Édgar Badía\Edgar-Badia,es ESP,GK,Elche,es La Liga,29-082,1992,30.0,46,5,0,5,0,45.6,0.30,-0.4,-0.01,262,518,50.6,864,143,39.5,35.9,283,62.5,43.3,302,23,7.6,20,0.67,13.3,Matches
12,Stefan Bajic\Stefan-Bajic,fr FRA,GK,Saint-Étienne,fr Ligue 1,19-133,2001,1.0,4,0,0,0,0,1.8,0.44,-2.2,-2.23,3,17,17.6,29,9,37.9,34.8,7,85.7,50.9,12,2,16.7,0,0.00,13.6,Matches
13,Oliver Baumann\Oliver-Baumann,de GER,GK,Hoffenheim,de Bundesliga,30-337,1990,30.0,49,6,0,3,2,46.9,0.33,-0.1,0.00,189,457,41.4,1116,172,33.8,33.3,199,40.2,35.5,270,11,4.1,35,1.17,15.1,Matches
14,Walter Benítez\Walter-Benitez,ar ARG,GK,Nice,fr Ligue 1,28-047,1993,35.0,47,7,0,11,0,42.6,0.24,-4.4,-0.13,119,323,36.8,846,158,26.4,29.8,284,35.2,34.2,334,25,7.5,13,0.37,12.3,Matches
15,Paul Bernardoni\Paul-Bernardoni,fr FRA,GK,Angers,fr Ligue 1,24-017,1997,35.0,53,5,0,6,1,45.2,0.33,-6.8,-0.19,166,481,34.5,666,196,44.4,39.1,253,73.1,52.7,303,21,6.9,10,0.29,12.9,Matches
16,Dimitry Bertaud\Dimitry-Bertaud,fr FRA,GK,Montpellier,fr Ligue 1,22-333,1998,5.3,8,1,0,1,0,7.5,0.32,-0.5,-0.09,67,113,59.3,136,21,57.4,43.1,47,74.5,54.9,45,5,11.1,1,0.19,11.9,Matches
17,Rubén Blanco\Ruben-Blanco,es ESP,GK,Celta Vigo,es La Liga,25-284,1995,18.2,27,1,1,2,0,22.8,0.37,-4.2,-0.23,111,298,37.2,520,81,40.2,36.2,144,61.8,46.3,149,9,6.0,12,0.66,14.9,Matches
18,Yassine Bounou\Yassine-Bounou,ma MAR,GK,Sevilla,es La Liga,30-030,1991,30.0,22,4,0,3,2,22.1,0.22,+2.1,+0.07,182,391,46.5,828,127,34.7,35.2,178,58.4,45.0,263,27,10.3,20,0.67,15.6,Matches
19,Claudio Bravo\Claudio-Bravo,cl CHI,GK,Betis,es La Liga,38-022,1983,16.0,21,3,0,2,1,22.1,0.34,+2.1,+0.13,110,278,39.6,434,70,50.2,41.7,95,63.2,49.5,135,9,6.7,5,0.31,12.1,Matches
20,Gianluigi Buffon\Gianluigi-Buffon,it ITA,GK,Juventus,it Serie A,43-097,1978,7.0,4,2,1,0,0,4.1,0.16,+0.1,+0.01,25,55,45.5,216,38,21.3,28.8,51,17.6,23.3,68,2,2.9,5,0.71,13.9,Matches
21,Roman Bürki\Roman-Burki,ch SUI,GK,Dortmund,de Bundesliga,30-172,1990,16.0,26,2,0,5,0,20.6,0.27,-5.4,-0.34,72,162,44.4,442,86,29.4,31.7,87,36.8,35.7,94,7,7.4,5,0.31,13.8,Matches
22,David Button\David-Button,eng ENG,GK,West Brom,eng Premier League,32-067,1989,1.0,2,0,0,1,0,1.7,0.24,-0.3,-0.31,8,29,27.6,25,2,68.0,49.2,12,100.0,67.0,10,1,10.0,0,0.00,10.0,Matches
23,Marcin Bułka\Marcin-Bulka,pl POL,GK,Paris S-G,fr Ligue 1,21-213,1999,1.0,1,0,0,0,0,1.3,0.45,+0.3,+0.32,2,5,40.0,28,9,17.9,25.5,2,0.0,21.5,7,0,0.0,2,2.00,13.1,Matches
24,Willy Caballero\Willy-Caballero,ar ARG,GK,Chelsea,eng Premier League,39-219,1981,1.0,3,0,0,1,0,1.5,0.49,-1.5,-1.54,1,3,33.3,20,2,15.0,24.6,6,0.0,19.7,8,0,0.0,2,2.00,22.0,Matches
25,Marc-Aurèle Caillard\Marc-Aurele-Caillard,fr FRA,GK,Metz,fr Ligue 1,26-358,1994,4.0,10,3,1,1,0,9.2,0.33,-0.8,-0.20,17,48,35.4,71,27,35.2,33.2,30,76.7,59.7,29,4,13.8,2,0.50,14.6,Matches
26,Cárdenas\Cardenas,es ESP,GK,Levante,es La Liga,24-038,1997,5.0,5,0,0,0,0,7.9,0.27,+2.9,+0.59,31,66,47.0,118,22,42.4,36.2,38,42.1,36.3,62,3,4.8,3,0.60,14.1,Matches
27,Kiko Casilla\Kiko-Casilla,es ESP,GK,Leeds United,eng Premier League,34-215,1986,1.0,1,0,0,0,0,1.0,0.52,0.0,+0.04,5,6,83.3,23,10,13.0,22.9,10,30.0,34.1,8,2,25.0,0,0.00,14.7,Matches
28,Koen Casteels\Koen-Casteels,be BEL,GK,Wolfsburg,de Bundesliga,28-314,1992,30.0,31,2,1,3,1,31.4,0.31,+1.4,+0.05,225,500,45.0,973,151,39.0,36.6,184,65.8,51.3,240,21,8.8,32,1.07,15.6,Matches
29,Sébastien Cibois\Sebastien-Cibois,fr FRA,GK,Brest,fr Ligue 1,23-064,1998,3.0,4,1,0,0,0,5.0,0.45,+1.0,+0.34,14,37,37.8,68,13,41.2,38.5,22,40.9,39.8,28,3,10.7,2,0.67,14.2,Matches
30,Alberto Cifuentes\Alberto-Cifuentes,es ESP,GK,Cádiz,es La Liga,41-341,1979,2.0,3,0,0,0,0,1.8,0.29,-1.2,-0.62,25,63,39.7,53,3,92.5,59.7,16,87.5,61.1,17,1,5.9,2,1.00,14.3,Matches
31,Jasper Cillessen\Jasper-Cillessen,nl NED,GK,Valencia,es La Liga,32-013,1989,6.0,9,1,1,0,0,8.7,0.32,-0.3,-0.04,42,107,39.3,129,24,59.7,44.0,52,57.7,47.4,52,4,7.7,7,1.17,13.9,Matches
32,Simone Colombi\Simone-Colombi,it ITA,GK,Parma,it Serie A,29-308,1991,2.0,7,1,0,3,0,4.9,0.46,-2.1,-1.07,16,30,53.3,39,6,56.4,40.9,11,72.7,50.5,13,1,7.7,1,0.50,13.0,Matches
33,Andrea Consigli\Andrea-Consigli,it ITA,GK,Sassuolo,it Serie A,34-098,1987,33.0,51,4,0,4,1,53.0,0.31,+3.0,+0.09,169,372,45.4,1009,141,31.6,31.0,201,26.4,26.1,285,26,9.1,24,0.73,15.9,Matches
34,Alex Cordaz\Alex-Cordaz,it ITA,GK,Crotone,it Serie A,38-124,1983,34.0,85,5,2,10,1,73.3,0.36,-10.7,-0.32,230,556,41.4,1081,147,41.1,34.9,291,38.5,32.8,299,17,5.7,30,0.88,15.4,Matches
35,Angelo da Costa Júnior\Angelo-da-Costa-Junior,br BRA,GK,Bologna,it Serie A,37-174,1983,6.0,9,1,1,0,0,9.4,0.36,+0.4,+0.07,35,70,50.0,245,23,24.5,30.3,42,23.8,24.4,48,0,0.0,7,1.17,16.0,Matches
36,Benoît Costil\Benoit-Costil,fr FRA,GK,Bordeaux,fr Ligue 1,33-306,1987,35.0,53,6,2,6,1,44.1,0.28,-6.9,-0.20,285,624,45.7,974,141,46.3,38.7,264,65.5,49.0,295,18,6.1,19,0.54,13.9,Matches
37,Thibaut Courtois\Thibaut-Courtois,be BEL,GK,Real Madrid,es La Liga,28-359,1992,34.0,24,6,0,3,1,27.8,0.22,+4.8,+0.14,121,321,37.7,961,210,24.5,32.4,212,40.6,39.9,267,23,8.6,21,0.62,14.9,Matches
38,Alessio Cragno\Alessio-Cragno,it ITA,GK,Cagliari,it Serie A,26-311,1994,30.0,51,5,1,7,0,52.1,0.30,+1.1,+0.04,181,430,42.1,622,119,45.8,36.8,250,58.0,42.1,281,28,10.0,15,0.50,13.1,Matches
39,Finn Dahmen\Finn-Dahmen,de GER,GK,Mainz 05,de Bundesliga,23-039,1998,1.0,5,1,0,1,0,5.5,0.43,+0.5,+0.50,0,5,0.0,18,8,27.8,32.3,5,0.0,16.0,16,1,6.3,0,0.00,8.4,Matches
40,Karl Darlow\Karl-Darlow,eng ENG,GK,Newcastle Utd,eng Premier League,30-209,1990,25.0,43,3,1,4,2,37.0,0.28,-4.0,-0.16,184,532,34.6,506,88,68.4,50.5,220,84.5,60.2,239,22,9.2,6,0.24,12.2,Matches
41,Yehvann Diouf\Yehvann-Diouf,fr FRA,GK,Reims,fr Ligue 1,21-170,1999,1.5,1,1,0,0,0,1.0,0.03,0.0,+0.01,5,16,31.3,40,13,27.5,32.2,12,41.7,39.0,11,0,0.0,1,0.67,15.3,Matches
42,Marko Dmitrović\Marko-Dmitrovic,rs SRB,GK,Eibar,es La Liga,29-101,1992,31.7,44,3,0,5,0,43.3,0.34,-0.7,-0.02,277,731,37.9,779,88,68.4,54.6,218,90.8,72.8,237,19,8.0,37,1.17,17.0,Matches
43,Jaume Doménech\Jaume-Domenech,es ESP,GK,Valencia,es La Liga,30-181,1990,28.0,42,4,2,7,2,39.2,0.28,-0.8,-0.03,264,525,50.3,654,105,53.4,40.8,243,72.4,53.4,325,21,6.5,15,0.54,13.0,Matches
44,Gianluigi Donnarumma\Gianluigi-Donnarumma,it ITA,GK,Milan,it Serie A,22-069,1999,33.0,38,2,2,7,1,38.0,0.30,+1.0,+0.03,151,365,41.4,915,129,31.8,31.9,190,38.9,34.2,291,26,8.9,18,0.55,14.3,Matches
45,Bartłomiej Drągowski\Bartlomiej-Dragowski,pl POL,GK,Fiorentina,it Serie A,23-259,1997,33.5,55,8,1,10,1,53.0,0.35,-1.0,-0.03,214,529,40.5,768,158,51.2,41.4,247,55.1,44.2,318,22,6.9,16,0.48,14.3,Matches
46,Matthieu Dreyer\Matthieu-Dreyer,fr FRA,GK,Lorient,fr Ligue 1,32-046,1989,15.0,25,6,1,3,1,20.5,0.32,-3.5,-0.23,76,201,37.8,253,43,48.6,40.4,108,72.2,48.6,111,7,6.3,6,0.40,12.8,Matches
47,Martin Dúbravka\Martin-Dubravka,sk SVK,GK,Newcastle Utd,eng Premier League,32-110,1989,9.0,13,1,0,0,1,13.3,0.29,+1.3,+0.14,55,136,40.4,216,45,38.9,37.5,83,62.7,50.0,105,8,7.6,5,0.56,13.3,Matches
48,Ederson\Ederson,br BRA,GK,Manchester City,eng Premier League,27-261,1993,33.0,23,7,0,2,1,24.6,0.26,+2.6,+0.08,128,268,47.8,844,136,23.8,31.2,142,47.2,43.7,164,12,7.3,21,0.64,15.9,Matches
49,Aarón Escandell\Aaron-Escandell,es ESP,GK,Granada,es La Liga,25-220,1995,2.0,2,0,0,0,0,2.8,0.40,+0.8,+0.41,12,41,29.3,43,9,67.4,50.3,16,75.0,62.4,21,3,14.3,4,2.00,16.7,Matches
50,Łukasz Fabiański\Lukasz-Fabianski,pl POL,GK,West Ham,eng Premier League,36-017,1985,32.0,42,3,0,4,4,41.8,0.32,+3.8,+0.12,251,607,41.4,668,125,61.5,46.2,247,79.4,56.7,339,25,7.4,9,0.28,12.2,Matches
51,Ralf Fährmann\Ralf-Fahrmann,de GER,GK,Schalke 04,de Bundesliga,32-220,1988,16.8,40,3,0,5,2,32.9,0.29,-5.1,-0.30,103,297,34.7,520,87,39.4,35.9,145,63.4,47.0,161,10,6.2,15,0.89,14.7,Matches
52,Wuilker Faríñez\Wuilker-Farinez,ve VEN,GK,Lens,fr Ligue 1,23-079,1998,1.2,3,1,0,1,0,4.2,0.53,+1.2,+0.97,2,11,18.2,18,3,44.4,40.9,9,33.3,29.9,9,0,0.0,1,0.84,13.8,Matches
53,Aitor Fernández\Aitor-Fernandez,es ESP,GK,Levante,es La Liga,30-002,1991,28.0,41,3,1,6,2,36.3,0.31,-2.7,-0.10,123,325,37.8,701,147,38.5,36.4,196,28.1,30.2,250,16,6.4,25,0.89,14.9,Matches
54,Álvaro Fernández\Alvaro-Fernandez,es ESP,GK,Huesca,es La Liga,23-022,1998,18.0,29,1,0,6,0,27.7,0.33,-1.3,-0.07,109,280,38.9,542,92,40.2,37.7,144,43.1,40.6,164,10,6.1,10,0.56,14.7,Matches
55,Andrés Fernández\Andres-Fernandez,es ESP,GK,Huesca,es La Liga,34-139,1986,16.0,21,3,1,3,1,16.9,0.29,-3.1,-0.19,91,260,35.0,445,70,44.3,38.0,121,52.1,42.1,167,13,7.8,7,0.44,12.2,Matches
56,Fraser Forster\Fraser-Forster,eng ENG,GK,Southampton,eng Premier League,33-049,1988,6.0,8,2,0,1,0,6.8,0.27,-1.2,-0.19,38,138,27.5,167,21,57.5,44.0,51,82.4,56.6,72,5,6.9,6,1.00,15.8,Matches
57,Daniel Fuzato\Daniel-Fuzato,br BRA,GK,Roma,it Serie A,23-305,1997,1.0,2,0,0,0,0,1.4,0.20,-0.6,-0.59,7,22,31.8,40,10,45.0,40.0,10,40.0,35.6,11,1,9.1,0,0.00,14.0,Matches
58,Paulo Gazzaniga\Paulo-Gazzaniga,ar ARG,GK,Elche,es La Liga,29-123,1992,4.0,4,0,0,1,1,3.0,0.25,0.0,-0.01,35,76,46.1,87,15,62.1,50.5,27,81.5,66.7,33,3,9.1,1,0.25,11.6,Matches
59,David de Gea\David-de-Gea,es ESP,GK,Manchester Utd,eng Premier League,30-179,1990,23.5,29,4,1,4,2,26.7,0.30,-0.3,-0.01,80,192,41.7,372,71,34.9,33.2,164,37.8,34.0,184,9,4.9,9,0.38,14.1,Matches
60,Rafał Gikiewicz\Rafal-Gikiewicz,pl POL,GK,Augsburg,de Bundesliga,33-191,1987,31.0,48,6,0,4,2,46.6,0.27,+1.6,+0.05,228,577,39.5,1026,201,41.5,36.7,272,55.5,45.1,366,23,6.3,22,0.71,14.5,Matches
61,David Gil\David-Gil,es ESP,GK,Cádiz,es La Liga,27-114,1994,1.0,2,0,0,0,0,1.2,0.40,-0.8,-0.80,5,29,17.2,28,3,75.0,51.4,9,88.9,64.3,5,0,0.0,0,0.00,9.0,Matches
62,Pierluigi Gollini\Pierluigi-Gollini,it ITA,GK,Atalanta,it Serie A,26-048,1995,21.0,21,1,0,3,1,20.4,0.31,+0.4,+0.02,112,255,43.9,478,67,37.7,36.3,109,68.8,53.0,122,5,4.1,21,1.00,16.0,Matches
63,Alfred Gomis\Alfred-Gomis,sn SEN,GK,Rennes,fr Ligue 1,27-242,1993,19.0,22,2,0,0,0,22.5,0.32,+0.5,+0.03,80,189,42.3,454,100,28.6,30.4,110,53.6,43.8,138,17,12.3,16,0.84,15.9,Matches
64,Alfred Gomis\Alfred-Gomis,sn SEN,GK,Dijon,fr Ligue 1,27-242,1993,5.0,10,3,0,2,1,9.9,0.30,+0.9,+0.17,28,94,29.8,121,28,43.0,39.4,67,62.7,49.6,78,8,10.3,3,0.60,12.8,Matches
65,Etienne Green\Etienne-Green,fr FRA,GK,Saint-Étienne,fr Ligue 1,20-290,2000,5.0,7,2,1,0,0,6.3,0.28,-0.7,-0.14,27,75,36.0,76,17,57.9,44.3,40,77.5,57.8,51,5,9.8,2,0.40,12.1,Matches
66,Lennart Grill\Lennart-Grill,de GER,GK,Leverkusen,de Bundesliga,22-100,1999,4.0,7,0,0,0,0,6.3,0.32,-0.7,-0.16,10,25,40.0,136,26,16.9,27.3,25,8.0,22.2,23,3,13.0,4,1.00,15.9,Matches
67,Vicente Guaita\Vicente-Guaita,es ESP,GK,Crystal Palace,eng Premier League,34-115,1987,33.0,56,3,1,7,0,55.2,0.35,-0.8,-0.02,222,634,35.0,680,132,58.2,43.4,279,85.3,60.3,327,22,6.7,11,0.33,12.9,Matches
68,Péter Gulácsi\Peter-Gulacsi,hu HUN,GK,RB Leipzig,de Bundesliga,30-364,1990,31.0,25,3,0,2,0,22.2,0.29,-2.8,-0.09,131,260,50.4,944,164,24.3,30.3,153,20.3,28.3,178,12,6.7,51,1.65,18.7,Matches
69,Samir Handanović\Samir-Handanovic,si SVN,GK,Inter,it Serie A,36-295,1984,34.0,29,3,1,3,1,26.8,0.24,-1.2,-0.03,120,254,47.2,855,141,23.9,29.2,170,29.4,31.5,270,16,5.9,14,0.41,12.3,Matches
70,Dean Henderson\Dean-Henderson,eng ENG,GK,Manchester Utd,eng Premier League,24-054,1997,9.5,6,0,0,3,0,7.1,0.22,+1.1,+0.12,25,74,33.8,154,45,34.4,33.4,69,30.4,31.6,78,7,9.0,12,1.26,15.9,Matches
71,Sergio Herrera\Sergio-Herrera,es ESP,GK,Osasuna,es La Liga,27-334,1993,30.9,36,4,0,5,3,39.2,0.32,+6.2,+0.20,407,859,47.4,829,75,77.4,54.5,228,95.2,64.5,355,33,9.3,48,1.56,16.4,Matches
72,Marwin Hitz\Marwin-Hitz,ch SUI,GK,Dortmund,de Bundesliga,33-229,1987,15.0,16,2,0,1,1,15.0,0.33,0.0,0.00,91,174,52.3,412,67,27.9,31.6,122,48.4,41.7,89,7,7.9,6,0.40,14.2,Matches
73,Timo Horn\Timo-Horn,de GER,GK,Köln,de Bundesliga,27-358,1993,30.4,55,7,1,6,0,49.6,0.30,-5.4,-0.18,259,577,44.9,1044,107,46.5,39.5,197,46.7,41.0,261,9,3.4,22,0.72,14.2,Matches
74,Lukáš Hrádecký\Lukas-Hradecky,fi FIN,GK,Leverkusen,de Bundesliga,31-162,1989,25.5,25,1,0,0,2,24.9,0.32,+1.9,+0.07,190,453,41.9,1118,152,35.8,34.7,151,35.1,33.3,180,17,9.4,29,1.14,16.9,Matches
75,Rune Jarstein\Rune-Jarstein,no NOR,GK,Hertha BSC,de Bundesliga,36-218,1984,8.0,13,1,0,2,1,10.1,0.28,-1.9,-0.24,60,153,39.2,210,25,51.0,41.7,74,62.2,47.9,75,7,9.3,4,0.50,12.8,Matches
76,Sam Johnstone\Sam-Johnstone,eng ENG,GK,West Brom,eng Premier League,28-041,1993,33.0,63,6,0,9,3,65.1,0.30,+5.1,+0.16,295,838,35.2,875,149,70.9,50.7,254,85.8,59.6,312,21,6.7,23,0.70,14.5,Matches
77,Bingourou Kamara\Bingourou-Kamara,sn SEN,GK,Strasbourg,fr Ligue 1,24-196,1996,8.0,14,1,0,1,1,9.7,0.28,-3.3,-0.41,63,142,44.4,191,43,48.7,39.3,56,87.5,60.0,58,3,5.2,1,0.13,12.9,Matches
78,Loris Karius\Loris-Karius,de GER,GK,Union Berlin,de Bundesliga,27-317,1993,3.2,1,0,0,0,1,1.7,0.35,+1.7,+0.53,21,56,37.5,75,9,56.0,44.3,20,70.0,56.5,30,2,6.7,0,0.00,11.5,Matches
79,Eiji Kawashima\Eiji-Kawashima,jp JPN,GK,Strasbourg,fr Ligue 1,38-046,1983,22.0,30,3,1,3,0,28.5,0.31,-1.5,-0.07,174,380,45.8,486,76,51.6,41.6,176,73.3,55.5,183,10,5.5,5,0.23,11.4,Matches
80,Caoimhín Kelleher\Caoimhin-Kelleher,ie IRL,GK,Liverpool,eng Premier League,22-163,1998,2.0,1,0,0,0,0,2.2,0.32,+1.2,+0.62,8,19,42.1,48,10,31.3,34.1,14,28.6,33.7,19,2,10.5,1,0.50,18.3,Matches
81,Gregor Kobel\Gregor-Kobel,ch SUI,GK,Stuttgart,de Bundesliga,23-150,1997,31.0,51,4,1,3,1,45.3,0.27,-4.7,-0.15,136,324,42.0,889,191,29.9,30.4,264,22.0,25.1,268,18,6.7,17,0.55,13.6,Matches
82,Alban Lafont\Alban-Lafont,fr FRA,GK,Nantes,fr Ligue 1,22-102,1999,35.0,53,10,2,8,1,50.7,0.28,-1.3,-0.04,197,611,32.2,810,120,51.6,43.4,240,80.4,57.0,302,22,7.3,23,0.66,14.8,Matches
83,Michael Langer\Michael-Langer,at AUT,GK,Schalke 04,de Bundesliga,36-119,1985,2.7,12,0,0,5,1,8.7,0.36,-2.3,-0.85,11,35,31.4,50,7,44.0,38.2,26,50.0,39.3,23,0,0.0,3,1.13,15.1,Matches
84,Gautier Larsonneur\Gautier-Larsonneur,fr FRA,GK,Brest,fr Ligue 1,24-071,1997,32.0,57,8,1,6,1,47.1,0.27,-8.9,-0.28,202,418,48.3,928,153,36.5,36.5,254,31.1,34.0,303,23,7.6,15,0.47,13.2,Matches
85,Jean-Louis Leca\Jean-Louis-Leca,fr FRA,GK,Lens,fr Ligue 1,35-226,1985,33.8,45,8,0,6,3,42.1,0.30,+0.1,0.00,193,489,39.5,720,121,52.8,41.7,230,47.4,39.9,254,16,6.3,19,0.56,15.0,Matches
86,Benjamin Lecomte\Benjamin-Lecomte,fr FRA,GK,Monaco,fr Ligue 1,30-009,1991,25.0,26,3,1,1,0,18.9,0.29,-7.1,-0.28,150,350,42.9,741,103,38.6,35.3,150,42.7,40.2,177,11,6.2,30,1.20,17.7,Matches
87,Jeremías Ledesma\Jeremias-Ledesma,ar ARG,GK,Cádiz,es La Liga,28-081,1993,31.0,44,8,2,4,1,38.3,0.28,-4.7,-0.15,318,827,38.5,676,57,82.2,57.8,284,95.4,69.8,311,30,9.6,14,0.45,13.4,Matches
88,Bernd Leno\Bernd-Leno,de GER,GK,Arsenal,eng Premier League,29-062,1992,30.8,35,1,0,5,4,34.7,0.32,+3.7,+0.12,101,295,34.2,832,145,21.6,28.2,192,59.9,46.2,266,15,5.6,21,0.68,14.5,Matches
89,Hugo Lloris\Hugo-Lloris,fr FRA,GK,Tottenham,eng Premier League,34-130,1986,34.0,38,8,0,3,2,40.3,0.28,+4.3,+0.13,187,445,42.0,707,141,47.8,37.9,236,45.3,37.2,342,18,5.3,15,0.44,13.4,Matches
90,Niklas Lomb\Niklas-Lomb,de GER,GK,Leverkusen,de Bundesliga,27-281,1993,1.5,3,0,0,0,0,3.1,0.38,+0.1,+0.04,5,17,29.4,53,13,26.4,30.5,7,42.9,37.9,12,1,8.3,1,0.67,14.2,Matches
91,Anthony Lopes\Anthony-Lopes,pt POR,GK,Lyon,fr Ligue 1,30-216,1990,35.0,37,5,2,3,2,38.2,0.29,+3.2,+0.09,202,382,52.9,858,168,32.8,33.2,236,42.8,37.4,295,15,5.1,36,1.03,17.0,Matches
92,Pau López\Pau-Lopez,es ESP,GK,Roma,it Serie A,26-143,1994,20.2,29,3,1,4,3,26.7,0.30,+0.7,+0.04,82,200,41.0,562,106,28.6,31.5,101,38.6,36.5,115,8,7.0,16,0.79,16.3,Matches
93,Andreas Luthe\Andreas-Luthe,de GER,GK,Union Berlin,de Bundesliga,34-056,1987,27.8,37,4,0,7,1,34.8,0.30,-1.2,-0.04,187,469,39.9,837,96,41.6,37.6,194,62.4,44.6,209,16,7.7,9,0.32,12.9,Matches
94,Mike Maignan\Mike-Maignan,fr FRA,GK,Lille,fr Ligue 1,25-158,1995,35.0,22,1,0,7,2,24.0,0.24,+4.0,+0.12,145,412,35.2,771,174,36.2,35.7,220,60.5,51.5,252,19,7.5,25,0.71,15.7,Matches
95,Radosław Majecki\Radoslaw-Majecki,pl POL,GK,Monaco,fr Ligue 1,21-170,1999,1.0,1,0,0,0,0,0.3,0.16,-0.7,-0.68,4,15,26.7,25,2,36.0,32.5,12,50.0,39.9,7,0,0.0,1,1.00,16.0,Matches
96,Steve Mandanda\Steve-Mandanda,fr FRA,GK,Marseille,fr Ligue 1,36-038,1985,34.0,41,2,1,7,1,37.4,0.32,-2.6,-0.08,191,538,35.5,930,170,40.4,36.5,267,60.7,46.2,345,24,7.0,19,0.56,13.9,Matches
97,Vito Mannone\Vito-Mannone,it ITA,GK,Monaco,fr Ligue 1,33-064,1988,9.0,14,2,0,1,0,11.9,0.34,-2.1,-0.23,55,138,39.9,226,26,41.2,36.4,61,73.8,54.0,63,3,4.8,6,0.67,18.8,Matches
98,Federico Marchetti\Federico-Marchetti,it ITA,GK,Genoa,it Serie A,38-087,1983,2.7,7,0,0,1,0,4.6,0.36,-2.4,-0.88,13,27,48.1,65,11,23.1,30.0,25,48.0,36.8,20,0,0.0,2,0.74,16.5,Matches
99,Emiliano Martínez\Emiliano-Martinez,ar ARG,GK,Aston Villa,eng Premier League,28-245,1992,33.0,38,4,2,4,1,45.0,0.28,+8.0,+0.24,252,633,39.8,901,127,52.8,42.2,225,69.8,52.6,324,27,8.3,19,0.58,13.8,Matches
100,Jordi Masip\Jordi-Masip,es ESP,GK,Valladolid,es La Liga,32-122,1989,22.0,31,3,1,3,0,32.7,0.31,+1.7,+0.08,161,505,31.9,504,77,67.1,49.0,197,84.8,63.0,251,14,5.6,13,0.59,13.7,Matches
101,Alex McCarthy\Alex-McCarthy,eng ENG,GK,Southampton,eng Premier League,31-153,1989,27.0,51,6,1,3,1,43.9,0.31,-6.1,-0.22,145,494,29.4,820,109,47.3,37.4,154,68.8,49.5,219,21,9.6,19,0.70,15.5,Matches
102,Edouard Mendy\Edouard-Mendy,sn SEN,GK,Rennes,fr Ligue 1,29-065,1992,1.0,1,0,0,0,0,0.6,0.56,-0.4,-0.44,7,12,58.3,23,2,43.5,37.9,6,33.3,35.2,6,1,16.7,0,0.00,10.0,Matches
103,Edouard Mendy\Edouard-Mendy,sn SEN,GK,Chelsea,eng Premier League,29-065,1992,28.0,22,2,1,3,1,20.4,0.27,-0.6,-0.02,123,259,47.5,764,108,26.0,29.3,162,37.0,33.4,196,13,6.6,18,0.64,15.4,Matches
104,Alex Meret\Alex-Meret,it ITA,GK,Napoli,it Serie A,24-044,1997,18.0,26,2,1,3,1,20.7,0.28,-4.3,-0.24,51,102,50.0,428,80,18.7,27.1,78,28.2,29.2,122,11,9.0,6,0.33,12.8,Matches
105,Illan Meslier\Illan-Meslier,fr FRA,GK,Leeds United,eng Premier League,21-064,2000,33.0,51,8,1,11,2,53.7,0.27,+4.7,+0.14,176,383,46.0,1025,252,28.2,30.4,249,37.8,33.8,188,20,10.6,18,0.55,13.6,Matches
106,Vanja Milinković-Savić\Vanja-Milinkovic-Savic,rs SRB,GK,Torino,it Serie A,24-074,1997,5.0,6,1,0,0,0,4.7,0.20,-1.3,-0.26,23,77,29.9,147,18,40.8,40.7,32,53.1,46.8,34,2,5.9,5,1.00,14.2,Matches
107,Antonio Mirante\Antonio-Mirante,it ITA,GK,Roma,it Serie A,37-301,1983,12.8,19,2,1,0,0,15.9,0.25,-3.1,-0.24,70,149,47.0,346,69,35.3,33.2,90,30.0,29.8,112,2,1.8,15,1.17,15.8,Matches
108,Lorenzo Montipò\Lorenzo-Montipo,it ITA,GK,Benevento,it Serie A,25-074,1996,34.0,68,4,0,10,6,59.2,0.35,-2.8,-0.08,237,631,37.6,898,158,52.8,41.1,257,61.1,45.6,352,30,8.5,16,0.47,14.2,Matches
109,Jessy Moulin\Jessy-Moulin,fr FRA,GK,Saint-Étienne,fr Ligue 1,35-112,1986,29.0,42,4,3,6,2,38.1,0.34,-1.9,-0.06,140,370,37.8,679,146,35.3,36.6,202,64.4,49.5,220,13,5.9,9,0.31,13.5,Matches
110,Florian Müller\Florian-Muller,de GER,GK,Freiburg,de Bundesliga,23-173,1997,30.0,43,2,2,3,2,44.8,0.30,+3.8,+0.13,182,578,31.5,1034,145,36.8,37.2,263,74.9,58.2,243,12,4.9,22,0.73,15.0,Matches
111,Juan Musso\Juan-Musso,ar ARG,GK,Udinese,it Serie A,26-364,1994,31.0,39,10,1,0,0,43.4,0.30,+4.4,+0.14,172,385,44.7,690,152,41.2,35.9,218,46.3,37.7,261,28,10.7,15,0.48,13.1,Matches
112,Paul Nardi\Paul-Nardi,fr FRA,GK,Lorient,fr Ligue 1,26-352,1994,20.0,38,3,0,3,0,27.7,0.26,-9.3,-0.46,111,319,34.8,390,100,49.2,40.3,167,76.0,57.5,163,6,3.7,13,0.65,14.9,Matches
113,Keylor Navas\Keylor-Navas,cr CRC,GK,Paris S-G,fr Ligue 1,34-141,1986,25.0,17,1,0,2,0,20.1,0.25,+3.1,+0.13,96,176,54.5,524,99,26.5,30.5,157,23.6,28.5,185,7,3.8,12,0.48,13.1,Matches
114,Neto\Neto,br BRA,GK,Barcelona,es La Liga,31-290,1989,6.0,6,2,0,1,0,6.6,0.26,+0.6,+0.10,17,35,48.6,150,30,18.7,27.3,41,17.1,24.4,52,2,3.8,4,0.67,15.7,Matches
115,Manuel Neuer\Manuel-Neuer,de GER,GK,Bayern Munich,de Bundesliga,35-039,1986,31.0,40,1,0,5,0,41.5,0.34,+1.5,+0.05,233,382,61.0,1074,175,31.8,32.3,173,23.7,29.7,211,5,2.4,38,1.23,16.5,Matches
116,Jan Oblak\Jan-Oblak,si SVN,GK,Atlético Madrid,es La Liga,28-118,1993,34.0,22,1,0,5,3,26.8,0.25,+7.8,+0.23,245,554,44.2,634,102,58.7,44.3,272,66.9,49.7,302,17,5.6,17,0.50,15.6,Matches
117,Robin Olsen\Robin-Olsen,se SWE,GK,Everton,eng Premier League,31-117,1990,7.0,9,1,0,0,0,9.5,0.33,+0.5,+0.08,50,104,48.1,148,21,49.3,41.1,51,60.8,46.3,51,4,7.8,1,0.14,11.0,Matches
118,Jonas Omlin\Jonas-Omlin,ch SUI,GK,Montpellier,fr Ligue 1,27-115,1994,29.7,51,11,0,5,2,51.2,0.29,+2.2,+0.08,234,505,46.3,739,173,46.1,39.0,243,67.5,51.9,266,24,9.0,14,0.47,13.8,Matches
119,Stefan Ortega\Stefan-Ortega,de GER,GK,Arminia,de Bundesliga,28-180,1992,31.0,51,5,0,6,1,49.7,0.29,-0.3,-0.01,443,940,47.1,1599,109,50.2,42.9,219,62.6,50.2,306,23,7.5,31,1.00,15.1,Matches
120,David Ospina\David-Ospina,co COL,GK,Napoli,it Serie A,32-247,1988,16.0,12,3,0,0,0,13.2,0.27,+1.2,+0.07,73,155,47.1,483,49,29.6,31.4,56,21.4,25.6,117,11,9.4,12,0.75,15.4,Matches
121,Alexandre Oukidja\Alexandre-Oukidja,dz ALG,GK,Metz,fr Ligue 1,32-290,1988,31.0,33,6,0,5,1,36.1,0.28,+5.1,+0.16,248,568,43.7,683,171,54.6,43.4,267,73.0,53.9,295,35,11.9,33,1.07,16.5,Matches
122,Fernando Pacheco\Fernando-Pacheco,es ESP,GK,Alavés,es La Liga,28-352,1992,34.0,52,3,0,5,0,50.7,0.38,-1.3,-0.04,300,586,51.2,713,98,58.9,45.2,273,60.8,46.1,300,27,9.0,21,0.62,14.7,Matches
123,Alberto Paleari\Alberto-Paleari,it ITA,GK,Genoa,it Serie A,28-249,1992,1.3,3,0,0,0,0,2.6,0.36,-0.4,-0.30,7,25,28.0,34,5,64.7,45.3,10,30.0,30.6,8,0,0.0,0,0.00,11.7,Matches
124,Rui Patrício\Rui-Patricio,pt POR,GK,Wolves,eng Premier League,33-079,1988,34.0,46,6,1,7,3,39.1,0.28,-3.9,-0.12,193,428,45.1,506,120,53.6,40.8,241,65.1,45.2,354,22,6.2,6,0.18,11.6,Matches
125,Jiří Pavlenka\Jiri-Pavlenka,cz CZE,GK,Werder Bremen,de Bundesliga,29-021,1992,31.0,51,3,0,6,3,41.3,0.28,-6.7,-0.22,224,487,46.0,784,150,44.0,38.0,264,53.8,43.3,341,19,5.6,20,0.65,13.9,Matches
126,Bailey Peacock-Farrell\Bailey-Peacock-Farrell,nir NIR,GK,Burnley,eng Premier League,24-188,1996,3.0,10,0,0,1,0,7.9,0.42,-2.1,-0.69,29,69,42.0,59,2,81.4,57.0,23,91.3,68.3,25,0,0.0,3,1.00,15.0,Matches
127,Gianluca Pegolo\Gianluca-Pegolo,it ITA,GK,Sassuolo,it Serie A,40-041,1981,1.0,0,0,0,0,0,0.0,0.04,0.0,+0.04,0,1,0.0,13,2,7.7,18.5,8,0.0,13.6,4,0,0.0,0,0.00,14.5,Matches
128,Yohann Pelé\Yohann-Pele,fr FRA,GK,Marseille,fr Ligue 1,38-182,1982,1.0,2,0,0,0,0,2.4,0.47,+0.4,+0.35,0,0,,22,7,0.0,20.5,3,0.0,14.7,8,1,12.5,1,1.00,13.0,Matches
129,Philipp Pentke\Philipp-Pentke,de GER,GK,Hoffenheim,de Bundesliga,36-004,1985,1.0,1,0,0,0,0,0.4,0.21,-0.6,-0.57,2,6,33.3,25,5,20.0,29.8,4,25.0,31.5,2,0,0.0,1,1.00,20.3,Matches
130,Juan Pérez\Juan-Perez,es ESP,GK,Osasuna,es La Liga,24-294,1996,1.0,0,0,0,0,0,0.1,0.03,+0.1,+0.10,4,23,17.4,13,1,69.2,51.0,14,100.0,70.6,18,0,0.0,1,1.00,18.8,Matches
131,Mattia Perin\Mattia-Perin,it ITA,GK,Genoa,it Serie A,28-176,1992,30.0,42,7,0,6,2,43.2,0.27,+3.2,+0.11,219,581,37.7,843,126,54.3,41.0,258,47.7,38.7,317,16,5.0,8,0.27,12.3,Matches
132,Pavao Pervan\Pavao-Pervan,at AUT,GK,Wolfsburg,de Bundesliga,33-173,1987,1.0,1,0,0,1,0,2.7,0.39,+1.7,+1.72,8,19,42.1,23,1,56.5,43.2,9,66.7,53.4,13,1,7.7,0,0.00,11.3,Matches
133,Jordan Pickford\Jordan-Pickford,eng ENG,GK,Everton,eng Premier League,27-059,1994,25.5,33,2,1,5,1,32.3,0.29,+0.3,+0.01,226,548,41.2,814,115,52.7,43.2,172,69.2,55.5,228,20,8.8,15,0.59,14.5,Matches
134,Nick Pope\Nick-Pope,eng ENG,GK,Burnley,eng Premier League,29-016,1992,31.0,37,3,0,7,1,40.3,0.26,+4.3,+0.14,283,728,38.9,708,127,73.7,52.6,239,86.2,62.1,303,38,12.5,40,1.29,16.4,Matches
135,Ivan Provedel\Ivan-Provedel,it ITA,GK,Spezia,it Serie A,27-049,1994,27.0,49,6,1,4,0,45.6,0.36,-3.4,-0.13,269,583,46.1,1177,121,43.2,38.5,139,53.2,45.2,178,15,8.4,26,0.96,16.4,Matches
136,Anthony Racioppi\Anthony-Racioppi,ch SUI,GK,Dijon,fr Ligue 1,22-125,1998,21.0,33,3,0,5,1,34.9,0.35,+2.9,+0.14,113,324,34.9,478,99,42.5,37.1,178,68.0,49.7,199,13,6.5,10,0.48,14.4,Matches
137,Rafael\Rafael,br BRA,GK,Spezia,it Serie A,39-063,1982,1.3,3,0,0,0,0,1.6,0.18,-1.4,-1.04,11,25,44.0,46,7,50.0,37.8,11,18.2,26.5,23,1,4.3,0,0.00,8.3,Matches
138,Predrag Rajković\Predrag-Rajkovic,rs SRB,GK,Reims,fr Ligue 1,25-186,1995,33.5,42,3,0,6,1,40.8,0.27,-0.2,-0.01,223,672,33.2,1008,140,46.2,41.1,316,65.2,50.8,332,19,5.7,20,0.60,14.1,Matches
139,Aaron Ramsdale\Aaron-Ramsdale,eng ENG,GK,Sheffield Utd,eng Premier League,22-356,1998,34.0,60,3,0,8,3,56.1,0.30,-0.9,-0.03,253,762,33.2,761,103,71.0,52.9,243,91.4,69.2,304,28,9.2,21,0.62,15.5,Matches
140,Darren Randolph\Darren-Randolph,ie IRL,GK,West Ham,eng Premier League,33-358,1987,2.0,2,0,0,2,0,1.4,0.29,-0.6,-0.28,9,25,36.0,30,2,66.7,47.8,11,45.5,36.7,16,0,0.0,1,0.50,13.3,Matches
141,Federico Ravaglia\Federico-Ravaglia,it ITA,GK,Bologna,it Serie A,21-175,1999,2.0,6,0,0,0,1,4.3,0.48,-0.7,-0.33,2,11,18.2,61,4,16.4,26.4,12,8.3,14.5,8,0,0.0,3,1.50,18.4,Matches
142,Pepe Reina\Pepe-Reina,es ESP,GK,Lazio,it Serie A,38-247,1982,27.0,37,8,0,6,2,34.1,0.27,-0.9,-0.03,181,368,49.2,934,113,35.3,34.3,128,29.7,29.5,205,10,4.9,12,0.44,15.4,Matches
143,Álex Remiro\Alex-Remiro,es ESP,GK,Real Sociedad,es La Liga,26-042,1995,34.0,35,3,0,4,1,29.4,0.30,-4.6,-0.14,215,516,41.7,888,112,43.9,38.7,188,67.0,53.2,259,16,6.2,23,0.68,15.7,Matches
144,Baptiste Reynet\Baptiste-Reynet,fr FRA,GK,Nîmes,fr Ligue 1,30-189,1990,35.0,64,6,1,6,0,57.2,0.29,-6.8,-0.19,279,755,37.0,1162,128,48.2,41.4,279,69.9,51.2,335,19,5.7,26,0.74,14.7,Matches
145,Sergio Rico\Sergio-Rico,es ESP,GK,Paris S-G,fr Ligue 1,27-246,1993,9.0,9,0,0,0,1,9.9,0.28,+1.9,+0.21,10,27,37.0,162,41,13.0,25.1,54,11.1,24.6,58,3,5.2,5,0.56,14.1,Matches
146,Roberto\Roberto,es ESP,GK,Valladolid,es La Liga,35-084,1986,12.0,15,2,0,2,0,14.5,0.33,-0.5,-0.04,84,273,30.8,279,37,67.0,52.1,105,81.9,63.9,121,10,8.3,7,0.58,13.5,Matches
147,Joel Robles\Joel-Robles,es ESP,GK,Betis,es La Liga,30-322,1990,18.0,25,4,1,5,2,21.5,0.31,-1.5,-0.08,99,301,32.9,449,80,52.6,43.0,116,56.0,45.3,145,10,6.9,14,0.78,16.3,Matches
148,Marek Rodák\Marek-Rodak,sk SVK,GK,Fulham,eng Premier League,24-143,1996,1.0,3,0,0,1,0,2.5,0.61,-0.5,-0.55,6,12,50.0,22,3,40.9,35.8,4,75.0,56.0,9,0,0.0,1,1.00,11.8,Matches
149,Rubén\Ruben,es ESP,GKMF,Osasuna,es La Liga,36-317,1984,2.1,5,0,0,0,0,4.9,0.55,-0.1,-0.04,33,54,61.1,46,2,84.8,55.7,15,100.0,65.7,19,1,5.3,3,1.44,14.6,Matches
150,John Ruddy\John-Ruddy,eng ENG,GK,Wolves,eng Premier League,34-193,1986,0.0,0,0,0,0,0,0.0,,0.0,0.00,0,2,0.0,1,0,100.0,62.0,2,50.0,56.5,1,0,0.0,0,0.00,,Matches
151,Gerónimo Rulli\Geronimo-Rulli,ar ARG,GK,Villarreal,es La Liga,28-350,1992,1.0,2,0,0,0,0,1.7,0.43,-0.3,-0.28,8,10,80.0,40,9,25.0,29.0,5,0.0,30.0,8,0,0.0,0,0.00,15.9,Matches
152,Mathew Ryan\Mathew-Ryan,au AUS,GK,Brighton,eng Premier League,29-027,1992,11.0,19,4,0,3,1,14.8,0.37,-3.2,-0.29,57,141,40.4,341,56,33.4,32.5,58,46.6,40.2,103,7,6.8,6,0.55,14.4,Matches
153,Mathew Ryan\Mathew-Ryan,au AUS,GK,Arsenal,eng Premier League,29-027,1992,3.0,2,1,0,0,0,4.2,0.36,+2.2,+0.73,6,11,54.5,58,19,13.8,26.3,9,33.3,33.0,20,4,20.0,1,0.33,13.4,Matches
154,Frederik Rønnow\Frederik-Ronnow,dk DEN,GK,Schalke 04,de Bundesliga,28-274,1992,10.5,24,4,0,5,2,22.5,0.31,+0.5,+0.05,51,143,35.7,289,64,33.6,32.7,94,48.9,39.7,71,3,4.2,6,0.57,14.2,Matches
155,Romain Salin\Romain-Salin,fr FRA,GK,Rennes,fr Ligue 1,36-280,1984,15.0,14,0,0,4,0,15.2,0.28,+1.2,+0.08,99,227,43.6,421,76,35.9,34.0,123,61.8,47.5,113,9,8.0,29,1.93,18.0,Matches
156,Robert Sánchez\Robert-Sanchez,es ESP,GK,Brighton,eng Premier League,23-168,1997,23.0,20,2,0,6,1,23.2,0.31,+4.2,+0.18,154,413,37.3,755,92,43.0,39.4,151,58.3,47.2,174,10,5.7,13,0.57,15.1,Matches
157,Kasper Schmeichel\Kasper-Schmeichel,dk DEN,GK,Leicester City,eng Premier League,34-181,1986,34.0,39,3,0,6,1,41.3,0.33,+3.3,+0.10,206,476,43.3,924,151,41.0,37.5,189,51.3,43.2,264,21,8.0,12,0.35,13.1,Matches
158,Alexander Schwolow\Alexander-Schwolow,de GER,GK,Hertha BSC,de Bundesliga,28-337,1992,21.0,36,6,1,3,0,33.8,0.34,-2.2,-0.10,143,281,50.9,561,95,33.5,34.2,161,57.8,46.4,175,11,6.3,11,0.52,13.7,Matches
159,Simone Scuffet\Simone-Scuffet,it ITA,GK,Udinese,it Serie A,24-339,1996,1.0,2,1,0,0,0,1.6,0.23,-0.4,-0.43,13,21,61.9,20,4,70.0,46.3,8,87.5,54.4,10,0,0.0,0,0.00,10.0,Matches
160,Matz Sels\Matz-Sels,be BEL,GK,Strasbourg,fr Ligue 1,29-068,1992,5.0,10,2,1,2,0,8.3,0.30,-1.7,-0.34,42,105,40.0,105,16,63.8,47.2,46,82.6,59.3,47,6,12.8,1,0.20,12.0,Matches
161,Luigi Sepe\Luigi-Sepe,it ITA,GK,Parma,it Serie A,29-362,1991,32.0,64,1,0,9,3,50.9,0.34,-10.1,-0.31,313,566,55.3,1034,158,44.4,38.1,243,44.0,38.5,381,24,6.3,11,0.34,13.3,Matches
162,Rui Silva\Rui-Silva,pt POR,GK,Granada,es La Liga,27-087,1994,31.0,51,5,2,3,1,48.6,0.35,-1.4,-0.05,266,722,36.8,778,66,66.3,49.2,255,80.8,58.7,308,13,4.2,27,0.87,16.0,Matches
163,Marco Silvestri\Marco-Silvestri,it ITA,GK,Hellas Verona,it Serie A,30-064,1991,34.0,42,6,1,7,2,37.5,0.26,-2.5,-0.07,212,746,28.4,727,79,68.6,47.0,275,89.8,58.9,288,10,3.5,13,0.38,13.1,Matches
164,Unai Simón\Unai-Simon,es ESP,GK,Athletic Club,es La Liga,23-328,1997,34.0,36,5,1,7,1,32.3,0.29,-2.7,-0.08,223,494,45.1,732,176,43.0,39.2,236,75.8,57.6,330,20,6.1,19,0.56,14.1,Matches
165,Tobias Sippel\Tobias-Sippel,de GER,GK,M'Gladbach,de Bundesliga,33-044,1988,3.8,6,0,0,2,0,7.1,0.37,+1.1,+0.29,37,86,43.0,101,12,51.5,42.9,46,73.9,58.0,56,3,5.4,4,1.05,16.0,Matches
166,Salvatore Sirigu\Salvatore-Sirigu,it ITA,GK,Torino,it Serie A,34-113,1987,28.0,50,6,1,5,1,36.7,0.32,-12.3,-0.44,164,383,42.8,648,91,41.8,35.4,232,48.3,37.7,260,16,6.2,13,0.46,12.8,Matches
167,Łukasz Skorupski\Lukasz-Skorupski,pl POL,GK,Bologna,it Serie A,30-000,1991,26.0,41,5,1,8,1,41.0,0.28,+1.0,+0.04,108,298,36.2,684,149,34.1,33.4,214,30.4,26.5,230,24,10.4,12,0.46,12.9,Matches
168,Yann Sommer\Yann-Sommer,ch SUI,GK,M'Gladbach,de Bundesliga,32-139,1988,27.1,40,5,0,4,0,35.7,0.31,-4.3,-0.16,163,350,46.6,933,111,31.7,31.8,189,28.6,30.1,217,12,5.5,17,0.63,13.4,Matches
169,David Soria\David-Soria,es ESP,GK,Getafe,es La Liga,28-031,1993,25.0,28,5,0,4,3,28.4,0.34,+3.4,+0.14,259,669,38.7,590,13,87.3,58.6,179,86.0,58.5,192,18,9.4,34,1.36,16.5,Matches
170,Marco Sportiello\Marco-Sportiello,it ITA,GK,Atalanta,it Serie A,28-360,1992,13.0,19,1,0,2,0,14.9,0.28,-4.1,-0.32,49,108,45.4,306,63,24.5,30.3,53,62.3,48.6,81,6,7.4,14,1.08,17.2,Matches
171,Zack Steffen\Zack-Steffen,us USA,GK,Manchester City,eng Premier League,26-033,1995,1.0,1,0,0,0,0,0.6,0.32,-0.4,-0.37,2,6,33.3,20,4,25.0,31.1,8,12.5,20.5,10,0,0.0,0,0.00,7.0,Matches
172,Thomas Strakosha\Thomas-Strakosha,al ALB,GK,Lazio,it Serie A,26-047,1995,6.0,12,1,0,1,0,10.6,0.36,-1.4,-0.23,41,86,47.7,220,35,36.8,32.3,32,15.6,26.0,61,4,6.6,1,0.17,11.7,Matches
173,Wojciech Szczęsny\Wojciech-Szczesny,pl POL,GK,Juventus,it Serie A,31-017,1990,27.0,27,3,0,4,1,25.8,0.26,-0.2,-0.01,95,168,56.5,736,118,19.6,28.7,168,14.3,23.7,223,15,6.7,22,0.81,14.3,Matches
174,Ciprian Tătărușanu\Ciprian-Tatarusanu,ro ROU,GK,Milan,it Serie A,35-085,1986,1.0,3,1,0,2,0,2.9,0.35,-0.1,-0.05,2,5,40.0,23,7,13.0,21.8,4,50.0,30.8,3,1,33.3,0,0.00,8.1,Matches
175,Marc-André ter Stegen\Marc-Andre-ter-Stegen,de GER,GK,Barcelona,es La Liga,29-005,1992,28.0,27,3,1,4,2,26.3,0.28,+1.3,+0.05,127,218,58.3,795,134,21.9,29.0,148,29.7,31.8,159,19,11.9,22,0.79,17.4,Matches
176,Pietro Terracciano\Pietro-Terracciano,it ITA,GK,Fiorentina,it Serie A,31-058,1990,0.5,2,0,0,1,0,1.5,0.73,-0.5,-1.02,8,15,53.3,12,2,83.3,51.3,6,83.3,51.2,5,0,0.0,0,0.00,7.7,Matches
177,Kevin Trapp\Kevin-Trapp,de GER,GK,Eint Frankfurt,de Bundesliga,30-301,1990,31.0,47,4,1,7,2,40.8,0.28,-4.2,-0.13,255,633,40.3,1040,153,47.8,38.6,252,54.0,44.7,276,23,8.3,23,0.74,14.9,Matches
178,Tomáš Vaclík\Tomas-Vaclik,cz CZE,GK,Sevilla,es La Liga,32-037,1989,4.0,5,0,0,0,0,3.3,0.28,-1.7,-0.41,16,35,45.7,103,17,29.1,30.4,15,33.3,29.9,32,1,3.1,3,0.75,14.8,Matches
179,Koke Vegas\Koke-Vegas,es ESP,GK,Levante,es La Liga,25-220,1995,1.0,2,0,0,0,0,2.6,0.64,+0.6,+0.56,2,11,18.2,18,4,44.4,37.7,11,27.3,30.5,7,0,0.0,1,1.00,18.8,Matches
180,Guglielmo Vicario\Guglielmo-Vicario,it ITA,GK,Cagliari,it Serie A,24-210,1996,4.0,6,0,0,2,0,5.0,0.24,-1.0,-0.25,27,61,44.3,82,15,50.0,40.6,25,80.0,55.8,40,2,5.0,0,0.00,10.5,Matches
181,Iván Villar\Ivan-Villar,es ESP,GK,Celta Vigo,es La Liga,23-300,1997,15.8,24,4,0,1,1,20.5,0.32,-2.5,-0.16,78,279,28.0,396,63,49.0,40.5,129,65.9,50.8,164,17,10.4,15,0.95,16.1,Matches
182,João Virgínia\Joao-Virginia,pt POR,GK,Everton,eng Premier League,21-207,1999,0.5,0,0,0,0,0,0.2,0.07,+0.2,+0.39,3,11,27.3,13,3,61.5,50.9,4,75.0,54.5,2,0,0.0,0,0.00,21.0,Matches
183,Rubén Yáñez\Ruben-Yanez,es ESP,GK,Getafe,es La Liga,27-205,1993,9.0,12,1,0,0,0,11.1,0.36,-0.9,-0.10,78,181,43.1,187,25,71.1,48.7,58,82.8,60.0,67,5,7.5,5,0.56,14.6,Matches
184,Yoel\Yoel,es ESP,GK,Eibar,es La Liga,32-250,1988,2.3,2,0,0,0,0,1.1,0.56,-0.9,-0.38,29,53,54.7,74,23,59.5,44.4,9,100.0,70.3,6,1,16.7,6,2.57,18.4,Matches
185,Robin Zentner\Robin-Zentner,de GER,GK,Mainz 05,de Bundesliga,26-189,1994,30.0,45,5,1,4,1,39.4,0.27,-4.6,-0.15,157,471,33.3,806,194,42.1,39.0,236,55.9,47.2,279,28,10.0,19,0.63,14.0,Matches
186,Ron-Robert Zieler\Ron-Robert-Zieler,de GER,GK,Köln,de Bundesliga,32-082,1989,0.6,1,1,0,0,0,0.7,0.01,-0.3,-0.46,6,11,54.5,17,4,35.3,35.0,6,83.3,49.7,10,0,0.0,0,0.00,11.8,Matches
187,Jeroen Zoet\Jeroen-Zoet,nl NED,GK,Spezia,it Serie A,30-119,1991,5.7,11,2,0,2,0,10.4,0.34,-0.6,-0.11,50,103,48.5,240,38,39.2,36.8,26,34.6,35.2,43,4,9.3,6,1.05,15.2,Matches
